"place","pop2023","growthRate","area","country","cca3","cca2","ccn3","region","subregion","landAreaKm","density","densityMi","Rank","weeklyHours","dataYear","rank"
834,67438106,0.02963,945087,"Tanzania","TZA","TZ",834,"Africa","Eastern Africa, Sub-Saharan Africa",885800,76.1324,197.183,22,54,2020,1
50,172954319,0.01033,147570,"Bangladesh","BGD","BD",50,"Asia","Southern Asia, South Central Asia",130170,1328.6803,3441.2821,8,51,2017,2
686,17763163,0.0258,196722,"Senegal","SEN","SN",686,"Africa","Western Africa, Sub-Saharan Africa",192530,92.2618,238.958,71,51,2019,3
270,2773168,0.02483,10689,"Gambia","GMB","GM",270,"Africa","Western Africa, Sub-Saharan Africa",10120,274.0285,709.7337,141,50,2018,4
586,240485658,0.01976,881912,"Pakistan","PAK","PK",586,"Asia","Southern Asia, South Central Asia",770880,311.9625,807.9829,5,49,2021,5
116,16944826,0.01056,181035,"Cambodia","KHM","KH",116,"Asia","South-Eastern Asia",176520,95.9938,248.6239,73,49,2019,6
430,5418377,0.02182,111369,"Liberia","LBR","LR",430,"Africa","Western Africa, Sub-Saharan Africa",96320,56.2539,145.6976,120,49,2017,7
634,2716391,0.00789,11586,"Qatar","QAT","QA",634,"Asia","Western Asia, The Middle East",11490,236.4135,612.3109,143,49,2014,8
400,11337052,0.00454,89342,"Jordan","JOR","JO",400,"Asia","Western Asia, The Middle East",88794,127.6781,330.6864,83,48,2020,9
748,1210822,0.00762,17364,"Eswatini","SWZ","SZ",748,"Africa","Southern Africa, Sub-Saharan Africa",17200,70.3966,182.3273,159,48,2016,10
64,787424,0.00635,38394,"Bhutan","BTN","BT",64,"Asia","Southern Asia, South Central Asia",38140,20.6456,53.4722,165,48,2020,11
462,521020.99999999994,-0.00528,300,"Maldives","MDV","MV",462,"Asia","Southern Asia, South Central Asia",300,1736.7367,4498.148,174,48,2019,12
404,55100586,0.01986,580367,"Kenya","KEN","KE",404,"Africa","Eastern Africa, Sub-Saharan Africa",569140,96.8138,250.7477,26,47,2019,13
466,23293698,0.03099,1240192,"Mali","MLI","ML",466,"Africa","Western Africa, Sub-Saharan Africa",1220190,19.0902,49.4437,58,47,2020,14
422,5353930,-0.02474,10452,"Lebanon","LBN","LB",422,"Asia","Western Asia, The Middle East",10230,523.3558,1355.4916,122,47,2019,15
170,52085168,0.00407,1141748,"Colombia","COL","CO",170,"South America","South America, Latin America",1109500,46.9447,121.5868,28,46,2021,16
800,48582334,0.02821,241550,"Uganda","UGA","UG",800,"Africa","Eastern Africa, Sub-Saharan Africa",200520,242.2817,627.5097,30,46,2017,17
320,18092026,0.01391,108889,"Guatemala","GTM","GT",320,"North America","Central America, Latin America",107160,168.8319,437.2746,70,46,2016,18
72,2675352,0.01713,582000,"Botswana","BWA","BW",72,"Africa","Southern Africa, Sub-Saharan Africa",566730,4.7207,12.2266,144,46,2020,19
104,54577997,0.00736,676578,"Myanmar","MMR","MM",104,"Asia","South-Eastern Asia",652670,83.6227,216.5827,27,45,2020,20
894,20569737,0.02758,752612,"Zambia","ZMB","ZM",894,"Africa","Eastern Africa, Sub-Saharan Africa",743390,27.6702,71.6658,63,45,2020,21
694,8791092,0.02154,71740,"Sierra Leone","SLE","SL",694,"Africa","Western Africa, Sub-Saharan Africa",72180,121.794,315.4465,102,45,2018,22
222,6364943,0.00451,21041,"El Salvador","SLV","SV",222,"North America","Central America, Latin America",20720,307.1884,795.6179,112,45,2021,23
96,452524,0.00784,5765,"Brunei","BRN","BN",96,"Asia","South-Eastern Asia",5270,85.8679,222.3979,175,45,2020,24
882,225681,0.01484,2842,"Samoa","WSM","WS",882,"Oceania","Polynesia",2780,81.1802,210.2568,188,45,2017,25
484,128455567,0.00746,1964375,"Mexico","MEX","MX",484,"North America","Central America, Latin America",1943950,66.0797,171.1463,10,44,2021,26
887,34449825,0.02235,527968,"Yemen","YEM","YE",887,"Asia","Western Asia, The Middle East",527970,65.2496,168.9964,44,44,2010,27
458,34308525,0.01091,330803,"Malaysia","MYS","MY",458,"Asia","South-Eastern Asia",328550,104.4241,270.4583,46,44,2020,28
508,33897354,0.02814,801590,"Mozambique","MOZ","MZ",508,"Africa","Eastern Africa, Sub-Saharan Africa",786380,43.1056,111.6434,48,44,2015,29
144,21893579,0.00281,65610,"Sri Lanka","LKA","LK",144,"Asia","Southern Asia, South Central Asia",61860,353.9214,916.6565,61,44,2019,30
716,16665409,0.02113,390757,"Zimbabwe","ZWE","ZW",716,"Africa","Eastern Africa, Sub-Saharan Africa",386850,43.0798,111.5766,74,44,2019,31
344,7491609,0.00037,1104,"Hong Kong","HKG","HK",344,"Asia","Eastern Asia",1050,7134.8657,18479.3022,104,44,2016,32
858,3423108,0.00009,181034,"Uruguay","URY","UY",858,"South America","South America, Latin America",175020,19.5584,50.6562,135,44,2018,33
174,852075,0.01829,1862,"Comoros","COM","KM",174,"Africa","Eastern Africa, Sub-Saharan Africa",1861,457.8587,1185.854,163,44,2014,34
132,598682,0.00933,4033,"Cape Verde","CPV","CV",132,"Africa","Western Africa, Sub-Saharan Africa",4033,148.4458,384.4747,171,44,2019,35
704,98858950,0.00685,331212,"Vietnam","VNM","VN",704,"Asia","South-Eastern Asia",313429,315.411,816.9145,16,43,2021,36
364,89172767,0.00703,1648195,"Iran","IRN","IR",364,"Asia","Southern Asia, The Middle East",1622500,54.9601,142.3467,17,43,2020,37
340,10593798,0.01543,112492,"Honduras","HND","HN",340,"North America","Central America, Latin America",111890,94.6805,245.2224,88,43,2020,38
268,3728282,-0.0043,69700,"Georgia","GEO","GE",268,"Asia","Western Asia",69490,53.6521,138.9588,132,43,2020,39
496,3447157,0.01436,1564110,"Mongolia","MNG","MN",496,"Asia","Eastern Asia",1557506.8,2.2133,5.7323,133,43,2021,40
8,2832439,-0.00348,28748,"Albania","ALB","AL",8,"Europe","Southern Europe",27400,103.3737,267.7378,138,43,2019,41
328,813834,0.00632,214969,"Guyana","GUY","GY",328,"South America","South America, Latin America",196850,4.1343,10.7078,164,43,2019,42
499,626485,-0.00095,13812,"Montenegro","MNE","ME",499,"Europe","Southern Europe",13450,46.5788,120.6391,169,43,2020,43
585,18058,0.00017,459,"Palau","PLW","PW",585,"Oceania","Micronesia",460,39.2565,101.6744,222,43,2014,44
231,126527060,0.02551,1104300,"Ethiopia","ETH","ET",231,"Africa","Eastern Africa, Sub-Saharan Africa",1128571.3,112.1126,290.3716,11,42,2021,45
180,102262808,0.03285,2344858,"DR Congo","COD","CD",180,"Africa","Middle Africa, Sub-Saharan Africa",2267050,45.1083,116.8305,15,42,2012,46
764,71801279,0.00145,513120,"Thailand","THA","TH",764,"Asia","South-Eastern Asia",510890,140.5416,364.0026,20,42,2020,47
450,30325732,0.02411,587041,"Madagascar","MDG","MG",450,"Africa","Eastern Africa, Sub-Saharan Africa",581800,52.124,135.0011,50,42,2015,48
188,5212173,0.00605,51100,"Costa Rica","CRI","CR",188,"North America","Central America, Latin America",51060,102.0794,264.3856,124,42,2021,49
70,3210847,-0.00701,51209,"Bosnia and Herzegovina","BIH","BA",70,"Europe","Southern Europe",51200,62.7119,162.4237,137,42,2021,50
388,2825544,-0.00065,10991,"Jamaica","JAM","JM",388,"North America","Caribbean",10830,260.8997,675.7303,139,42,2014,51
90,740424,0.0223,28896,"Solomon Islands","SLB","SB",90,"Oceania","Melanesia",27990,26.4532,68.5137,166,42,2013,52
136,69310,0.00879,264,"Cayman Islands","CYM","KY",136,"North America","Caribbean",240,288.7917,747.9704,205,42,2015,53
288,34121985,0.0193,238533,"Ghana","GHA","GH",288,"Africa","Western Africa, Sub-Saharan Africa",227533,149.965,388.4093,47,41,2017,54
418,7633779,0.01385,236800,"Laos","LAO","LA",418,"Asia","South-Eastern Asia",230800,33.0753,85.665,103,41,2017,55
600,6861524,0.01191,406752,"Paraguay","PRY","PY",600,"South America","South America, Latin America",397300,17.2704,44.7303,108,41,2021,56
818,112716598,0.01556,1002450,"Egypt","EGY","EG",818,"Africa","Northern Africa, The Middle East",995450,113.2318,293.2704,14,40,2020,57
804,36744634,-0.07448,603500,"Ukraine","UKR","UA",804,"Europe","Eastern Europe",579400,63.4184,164.2537,41,40,2019,58
384,28873034,0.0253,322463,"Ivory Coast","CIV","CI",384,"Africa","Western Africa, Sub-Saharan Africa",318000,90.7957,235.1609,51,40,2019,59
562,27202843,0.03796,1267000,"Niger","NER","NE",562,"Africa","Western Africa, Sub-Saharan Africa",1266700,21.4754,55.6212,54,40,2017,60
642,19892812,0.01188,238391,"Romania","ROU","RO",642,"Europe","Eastern Europe",230080,86.4604,223.9325,64,40,2021,61
68,12388571,0.01345,1098581,"Bolivia","BOL","BO",68,"South America","South America, Latin America",1083300,11.436,29.6191,80,40,2021,62
591,4468087,0.0135,75417,"Panama","PAN","PA",591,"North America","Central America, Latin America",74180,60.233,156.0036,128,40,2021,63
84,410825,0.0137,22966,"Belize","BLZ","BZ",84,"North America","Central America, Latin America",22810,18.0107,46.6478,177,40,2020,64
690,107660,0.00506,452,"Seychelles","SYC","SC",690,"Africa","Eastern Africa, Sub-Saharan Africa",460,234.0435,606.1726,197,40,2020,65
533,106277,-0.00158,180,"Aruba","ABW","AW",533,"North America","Caribbean",180,590.4278,1529.2079,198,40,2010,66
584,41996,0.01027,181,"Marshall Islands","MHL","MH",584,"Oceania","Micronesia",180,233.3111,604.2758,215,40,2019,67
520,12780,0.00884,21,"Nauru","NRU","NR",520,"Oceania","Micronesia",20,639,1655.01,225,40,2013,68
360,277534122,0.00738,1904569,"Indonesia","IDN","ID",360,"Asia","South-Eastern Asia",1877519,147.8196,382.8528,4,39,2021,69
76,216422446,0.00515,8515767,"Brazil","BRA","BR",76,"South America","South America, Latin America",8358140,25.8936,67.0645,7,39,2021,70
4,42239854,0.02702,652230,"Afghanistan","AFG","AF",4,"Asia","South Central Asia, Southern Asia",652230,64.7622,167.7341,36,39,2021,71
616,41026067,0.02933,312679,"Poland","POL","PL",616,"Europe","Eastern Europe",306130,134.0152,347.0993,37,39,2021,72
862,28838499,0.01897,916445,"Venezuela","VEN","VE",862,"South America","South America, Latin America",882050,32.6949,84.6797,52,39,2020,73
214,11332972,0.00928,48671,"Dominican Republic","DOM","DO",214,"North America","Caribbean",48310,234.5885,607.5843,84,39,2021,74
688,7149077,-0.01001,88361,"Serbia","SRB","RS",688,"Europe","Southern Europe",87460,81.7411,211.7095,105,39,2021,75
100,6687717,-0.0139,110879,"Bulgaria","BGR","BG",100,"Europe","Eastern Europe",108560,61.6039,159.554,110,39,2021,76
498,3435931,0.04978,33846,"Moldova","MDA","MD",498,"Europe","Eastern Europe",32884.6,104.4845,270.6149,134,39,2021,77
51,2777970,-0.0009,29743,"Armenia","ARM","AM",51,"Asia","Western Asia",28470,97.5753,252.7201,140,39,2020,78
440,2718352,-0.01153,65300,"Lithuania","LTU","LT",440,"Europe","Northern Europe",62620,43.4103,112.4326,142,39,2021,79
705,2119675,-0.00008,20273,"Slovenia","SVN","SI",705,"Europe","Southern Europe",20136.4,105.2658,272.6385,149,39,2021,80
428,1830211,-0.01105,64559,"Latvia","LVA","LV",428,"Europe","Northern Europe",62230,29.4104,76.173,151,39,2021,81
583,115224,0.00929,702,"Micronesia","FSM","FM",583,"Oceania","Micronesia",700,164.6057,426.3288,194,39,2014,82
410,51784059,-0.00061,100210,"South Korea","KOR","KR",410,"Asia","Eastern Asia",97600,530.5744,1374.1876,29,38,2021,83
152,19629590,0.00132,756102,"Chile","CHL","CL",152,"South America","South America, Latin America",743532,26.4005,68.3772,65,38,2021,84
398,19606633,0.01076,2724900,"Kazakhstan","KAZ","KZ",398,"Asia","Central Asia",2699700,7.2625,18.8099,66,38,2017,85
218,18190484,0.01053,276841,"Ecuador","ECU","EC",218,"South America","South America, Latin America",248360,73.2424,189.6978,68,38,2020,86
300,10341277,-0.00421,131990,"Greece","GRC","GR",300,"Europe","Southern Europe",128900,80.2271,207.7883,91,38,2021,87
620,10247605,-0.00227,92090,"Portugal","PRT","PT",620,"Europe","Southern Europe",91605.6,111.8666,289.7344,93,38,2021,88
348,10156239,0.01896,93028,"Hungary","HUN","HU",348,"Europe","Eastern Europe",91260,111.2891,288.2386,94,38,2021,89
275,5371230,0.02308,6220,"Palestine","PSE","PS",275,"Asia","Western Asia, The Middle East",6020,892.2309,2310.878,121,38,2021,90
191,4008617,-0.00539,56594,"Croatia","HRV","HR",191,"Europe","Southern Europe",55960,71.6336,185.5311,130,38,2021,91
807,2085679,-0.00378,25713,"North Macedonia","MKD","MK",807,"Europe","Southern Europe",25220,82.6994,214.1915,150,38,2021,92
626,1360596,0.01439,14874,"Timor-Leste","TLS","TL",626,"Asia","South-Eastern Asia",14870,91.4994,236.9834,155,38,2016,93
480,1300557,0.00084,2040,"Mauritius","MUS","MU",480,"Africa","Eastern Africa, Sub-Saharan Africa",2030,640.6685,1659.3313,157,38,2019,94
196,1260138,0.00691,9251,"Cyprus","CYP","CY",196,"Europe","Eastern Europe, The Middle East",9240,136.3786,353.2205,158,38,2021,95
662,180251,0.00219,616,"Saint Lucia","LCA","LC",662,"North America","Caribbean",610,295.4934,765.328,190,38,2021,96
798,11396,0.00743,26,"Tuvalu","TUV","TV",798,"Oceania","Polynesia",30,379.8667,983.8547,227,38,2016,97
500,4386,-0.00091,102,"Montserrat","MSR","MS",500,"North America","Caribbean",102,43,111.37,230,38,2020,98
840,339996563,0.00505,9372610,"United States","USA","US",840,"North America","Northern America",9147420,37.1686,96.2666,3,37,2021,99
392,123294513,-0.0053,377930,"Japan","JPN","JP",392,"Asia","Eastern Asia",364500,338.2566,876.0845,12,37,2020,100
417,6735347,0.01579,199951,"Kyrgyzstan","KGZ","KG",417,"Asia","Central Asia, South Central Asia",191800,35.1165,90.9518,109,37,2020,101
703,5795199,0.02689,49037,"Slovakia","SVK","SK",703,"Europe","Eastern Europe",49035,118.1849,306.099,116,37,2021,102
233,1322765,-0.00249,45227,"Estonia","EST","EE",233,"Europe","Northern Europe",42750,30.9419,80.1394,156,37,2021,103
470,535064,0.00333,316,"Malta","MLT","MT",470,"Europe","Southern Europe",320,1672.075,4330.6743,173,37,2021,104
548,334506,0.02377,12189,"Vanuatu","VUT","VU",548,"Oceania","Melanesia",12190,27.441,71.0722,182,37,2019,105
184,17044,0.00194,240,"Cook Islands","COK","CK",184,"Oceania","Polynesia",240,71.0167,183.9332,223,37,2019,106
643,144444359,-0.00186,17098242,"Russia","RUS","RU",643,"Europe","Eastern Europe",16376870,8.82,22.8439,9,36,2020,107
608,117337368,0.01539,342353,"Philippines","PHL","PH",608,"Asia","South-Eastern Asia",298170,393.5251,1019.2299,13,36,2020,108
756,8796669,0.00643,41284,"Switzerland","CHE","CH",756,"Europe","Western Europe",39516,222.6103,576.5607,101,36,2021,109
442,654768,0.01107,2586,"Luxembourg","LUX","LU",442,"Europe","Western Europe",2574.5,254.3282,658.7101,168,36,2021,110
352,375318,0.00649,103000,"Iceland","ISL","IS",352,"Europe","Northern Europe",100830,3.7223,9.6407,179,36,2021,111
776,107773,0.00856,747,"Tonga","TON","TO",776,"Oceania","Polynesia",720,149.6847,387.6834,196,36,2018,112
250,64756584,0.00201,551695,"France","FRA","FR",250,"Europe","Western Europe",547557,118.2646,306.3052,23,35,2021,113
380,58870762,-0.00282,301336,"Italy","ITA","IT",380,"Europe","Southern Europe",295717,199.078,515.6121,25,35,2021,114
724,47519628,-0.00082,505992,"Spain","ESP","ES",724,"Europe","Southern Europe",499556.6,95.1236,246.3702,32,35,2021,115
752,10612086,0.00595,450295,"Sweden","SWE","SE",752,"Europe","Northern Europe",407283.5,26.0558,67.4844,87,35,2021,116
112,9498238,-0.00385,207600,"Belarus","BLR","BY",112,"Europe","Eastern Europe",202980,46.794,121.1964,97,35,2020,117
246,5545475,0.00085,338424,"Finland","FIN","FI",246,"Europe","Northern Europe",303940,18.2453,47.2553,118,35,2021,118
372,5056935,0.00673,70273,"Ireland","IRL","IE",372,"Europe","Northern Europe",68890,73.4059,190.1214,125,35,2021,119
276,83294633,-0.0009,357114,"Germany","DEU","DE",276,"Europe","Western Europe",349390,238.4002,617.4564,19,34,2021,120
32,45773884,0.00579,2780400,"Argentina","ARG","AR",32,"South America","South America, Latin America",2736690,16.726,43.3203,33,34,2021,121
56,11686140,0.00259,30528,"Belgium","BEL","BE",56,"Europe","Western Europe",30280,385.9359,999.5741,82,34,2021,122
31,10412651,0.00527,86600,"Azerbaijan","AZE","AZ",31,"Asia","Western Asia",82646,125.991,326.3167,90,34,2021,123
376,9174520,0.01507,20770,"Israel","ISR","IL",376,"Asia","Western Asia, The Middle East",21640,423.9612,1098.0595,98,34,2020,124
208,5910913,0.00487,43094,"Denmark","DNK","DK",208,"Europe","Northern Europe",40000,147.7728,382.7316,115,34,2021,125
826,67736802,0.00338,242900,"United Kingdom","GBR","GB",826,"Europe","Northern Europe",241930,279.9851,725.1615,21,33,2020,126
40,8958960,0.00216,83871,"Austria","AUT","AT",40,"Europe","Western Europe",82520,108.5671,281.1889,100,33,2021,127
578,5474360,0.00737,323802,"Norway","NOR","NO",578,"Europe","Northern Europe",364285,15.0277,38.9217,119,33,2021,128
36,26439111,0.01,7692024,"Australia","AUS","AU",36,"Oceania","Australia and New Zealand",7692020,3.4372,8.9024,55,32,2020,129
454,20931751,0.0258,118484,"Malawi","MWI","MW",454,"Africa","Eastern Africa, Sub-Saharan Africa",94280,222.0169,575.0237,62,32,2013,130
646,14094683,0.02308,26338,"Rwanda","RWA","RW",646,"Africa","Eastern Africa, Sub-Saharan Africa",24670,571.3289,1479.7417,76,31,2020,131
368,45504560,0.02266,438317,"Iraq","IRQ","IQ",368,"Asia","Western Asia, The Middle East",434128,104.8183,271.4794,35,30,2021,132
528,17618299,0.00309,41850,"Netherlands","NLD","NL",528,"Europe","Western Europe",33670,523.264,1355.2538,72,30,2021,133
638,981796,0.00795,2511,"Reunion","REU","RE",638,"Africa","Eastern Africa, Sub-Saharan Africa",2512,390.8424,1012.2817,161,29,2012,134
706,18143378,0.03102,637657,"Somalia","SOM","SO",706,"Africa","Eastern Africa, Sub-Saharan Africa",627340,28.9211,74.9057,69,7,2019,135