"place","pop2023","growthRate","area","country","cca3","cca2","ccn3","region","subregion","landAreaKm","density","densityMi","Rank","spending","rank"
840,339996563,0.00505,9372610,"United States","USA","US",840,"North America","Northern America",9147420,37.1686,96.2666,3,750000000000,1
156,1425671352,-0.00015,9706961,"China","CHN","CN",156,"Asia","Eastern Asia",9424702.9,151.2696,391.7884,2,237000000000,2
682,36947025,0.01478,2149690,"Saudi Arabia","SAU","SA",682,"Asia","Western Asia, The Middle East",2149690,17.1871,44.5147,40,67600000000,3
356,1428627663,0.00808,3287590,"India","IND","IN",356,"Asia","Southern Asia, South Central Asia",2973190,480.5033,1244.5036,1,61000000000,4
826,67736802,0.00338,242900,"United Kingdom","GBR","GB",826,"Europe","Northern Europe",241930,279.9851,725.1615,21,55100000000,5
276,83294633,-0.0009,357114,"Germany","DEU","DE",276,"Europe","Western Europe",349390,238.4002,617.4564,19,50000000000,6
392,123294513,-0.0053,377930,"Japan","JPN","JP",392,"Asia","Eastern Asia",364500,338.2566,876.0845,12,49000000000,7
643,144444359,-0.00186,17098242,"Russia","RUS","RU",643,"Europe","Eastern Europe",16376870,8.82,22.8439,9,48000000000,8
410,51784059,-0.00061,100210,"South Korea","KOR","KR",410,"Asia","Eastern Asia",97600,530.5744,1374.1876,29,44000000000,9
250,64756584,0.00201,551695,"France","FRA","FR",250,"Europe","Western Europe",547557,118.2646,306.3052,23,41500000000,10
76,216422446,0.00515,8515767,"Brazil","BRA","BR",76,"South America","South America, Latin America",8358140,25.8936,67.0645,7,27800000000,11
380,58870762,-0.00282,301336,"Italy","ITA","IT",380,"Europe","Southern Europe",295717,199.078,515.6121,25,27800000000,12
36,26439111,0.01,7692024,"Australia","AUS","AU",36,"Oceania","Australia and New Zealand",7692020,3.4372,8.9024,55,26300000000,13
784,9516871,0.00802,83600,"United Arab Emirates","ARE","AE",784,"Asia","Western Asia, The Middle East",71020,134.0027,347.067,96,22755000000,14
124,38781291,0.0085,9984670,"Canada","CAN","CA",124,"North America","Northern America",8965590,4.3256,11.2032,38,22500000000,15
376,9174520,0.01507,20770,"Israel","ISR","IL",376,"Asia","Western Asia, The Middle East",21640,423.9612,1098.0595,98,20000000000,16
364,89172767,0.00703,1648195,"Iran","IRN","IR",364,"Asia","Southern Asia, The Middle East",1622500,54.9601,142.3467,17,19600000000,17
792,85816199,0.00557,783562,"Turkey","TUR","TR",792,"Asia","Western Asia, The Middle East",783562,109.5206,283.6584,18,19000000000,18
724,47519628,-0.00082,505992,"Spain","ESP","ES",724,"Europe","Southern Europe",499556.6,95.1236,246.3702,32,15100000000,19
12,45606480,0.01566,2381741,"Algeria","DZA","DZ",12,"Africa","Northern Africa",2381741,19.1484,49.5943,34,13000000000,20
528,17618299,0.00309,41850,"Netherlands","NLD","NL",528,"Europe","Western Europe",33670,523.264,1355.2538,72,12419000000,21
4,42239854,0.02702,652230,"Afghanistan","AFG","AF",4,"Asia","South Central Asia, Southern Asia",652230,64.7622,167.7341,36,12000000000,22
616,41026067,0.02933,312679,"Poland","POL","PL",616,"Europe","Eastern Europe",306130,134.0152,347.0993,37,12000000000,23
586,240485658,0.01976,881912,"Pakistan","PAK","PK",586,"Asia","Southern Asia, South Central Asia",770880,311.9625,807.9829,5,11400000000,24
818,112716598,0.01556,1002450,"Egypt","EGY","EG",818,"Africa","Northern Africa, The Middle East",995450,113.2318,293.2704,14,11200000000,25
702,6014723,0.00653,710,"Singapore","SGP","SG",702,"Asia","South-Eastern Asia",718,8377.0515,21696.5635,114,11200000000,26
158,23923276,0.00125,36193,"Taiwan","TWN","TW",158,"Asia","Eastern Asia",36197,660.9188,1711.7796,57,10725000000,27
170,52085168,0.00407,1141748,"Colombia","COL","CO",170,"South America","South America, Latin America",1109500,46.9447,121.5868,28,10600000000,28
504,37840044,0.0102,446550,"Morocco","MAR","MA",504,"Africa","Northern Africa",446300,84.7861,219.596,39,10000000000,29
512,4644384,0.01488,309500,"Oman","OMN","OM",512,"Asia","Western Asia, The Middle East",309500,15.0061,38.8658,127,8686000000,30
360,277534122,0.00738,1904569,"Indonesia","IDN","ID",360,"Asia","South-Eastern Asia",1877519,147.8196,382.8528,4,7600000000,31
578,5474360,0.00737,323802,"Norway","NOR","NO",578,"Europe","Northern Europe",364285,15.0277,38.9217,119,7179000000,32
764,71801279,0.00145,513120,"Thailand","THA","TH",764,"Asia","South-Eastern Asia",510890,140.5416,364.0026,20,7100000000,33
484,128455567,0.00746,1964375,"Mexico","MEX","MX",484,"North America","Central America, Latin America",1943950,66.0797,171.1463,10,7000000000,34
24,36684202,0.03077,1246700,"Angola","AGO","AO",24,"Africa","Middle Africa, Sub-Saharan Africa",1246700,29.425,76.2109,42,7000000000,35
414,4310108,0.00966,17818,"Kuwait","KWT","KW",414,"Asia","Western Asia, The Middle East",17820,241.8691,626.4411,129,6831000000,36
752,10612086,0.00595,450295,"Sweden","SWE","SE",752,"Europe","Northern Europe",407283.5,26.0558,67.4844,87,6327000000,37
634,2716391,0.00789,11586,"Qatar","QAT","QA",634,"Asia","Western Asia, The Middle East",11490,236.4135,612.3109,143,6000000000,38
704,98858950,0.00685,331212,"Vietnam","VNM","VN",704,"Asia","South-Eastern Asia",313429,315.411,816.9145,16,5500000000,39
804,36744634,-0.07448,603500,"Ukraine","UKR","UA",804,"Europe","Eastern Europe",579400,63.4184,164.2537,41,5400000000,40
642,19892812,0.01188,238391,"Romania","ROU","RO",642,"Europe","Eastern Europe",230080,86.4604,223.9325,64,5050000000,41
756,8796669,0.00643,41284,"Switzerland","CHE","CH",756,"Europe","Western Europe",39516,222.6103,576.5607,101,5000000000,42
858,3423108,0.00009,181034,"Uruguay","URY","UY",858,"South America","South America, Latin America",175020,19.5584,50.6562,135,4950000000,43
56,11686140,0.00259,30528,"Belgium","BEL","BE",56,"Europe","Western Europe",30280,385.9359,999.5741,82,4921000000,44
300,10341277,-0.00421,131990,"Greece","GRC","GR",300,"Europe","Southern Europe",128900,80.2271,207.7883,91,4844000000,45
208,5910913,0.00487,43094,"Denmark","DNK","DK",208,"Europe","Northern Europe",40000,147.7728,382.7316,115,4760000000,46
554,5228100,0.00826,270467,"New Zealand","NZL","NZ",554,"Oceania","Australia and New Zealand",263310,19.8553,51.4252,123,4300000000,47
710,60414495,0.00869,1221037,"South Africa","ZAF","ZA",710,"Africa","Southern Africa, Sub-Saharan Africa",1213090,49.8022,128.9876,24,4278000000,48
152,19629590,0.00132,756102,"Chile","CHL","CL",152,"South America","South America, Latin America",743532,26.4005,68.3772,65,4250000000,49
32,45773884,0.00579,2780400,"Argentina","ARG","AR",32,"South America","South America, Latin America",2736690,16.726,43.3203,33,4200000000,50
458,34308525,0.01091,330803,"Malaysia","MYS","MY",458,"Asia","South-Eastern Asia",328550,104.4241,270.4583,46,4000000000,51
398,19606633,0.01076,2724900,"Kazakhstan","KAZ","KZ",398,"Asia","Central Asia",2699700,7.2625,18.8099,66,4000000000,52
50,172954319,0.01033,147570,"Bangladesh","BGD","BD",50,"Asia","Southern Asia, South Central Asia",130170,1328.6803,3441.2821,8,3800000000,53
246,5545475,0.00085,338424,"Finland","FIN","FI",246,"Europe","Northern Europe",303940,18.2453,47.2553,118,3570000000,54
608,117337368,0.01539,342353,"Philippines","PHL","PH",608,"Asia","South-Eastern Asia",298170,393.5251,1019.2299,13,3470000000,55
40,8958960,0.00216,83871,"Austria","AUT","AT",40,"Europe","Western Europe",82520,108.5671,281.1889,100,3380000000,56
620,10247605,-0.00227,92090,"Portugal","PRT","PT",620,"Europe","Southern Europe",91605.6,111.8666,289.7344,93,3358000000,57
434,6888388,0.01116,1759540,"Libya","LBY","LY",434,"Africa","Northern Africa",1759540,3.9149,10.1395,107,3000000000,58
203,10495295,0.00013,78865,"Czech Republic","CZE","CZ",203,"Europe","Eastern Europe",77198.5,135.9521,352.1158,89,2969000000,59
31,10412651,0.00527,86600,"Azerbaijan","AZE","AZ",31,"Asia","Western Asia",82646,125.991,326.3167,90,2805000000,60
104,54577997,0.00736,676578,"Myanmar","MMR","MM",104,"Asia","South-Eastern Asia",652670,83.6227,216.5827,27,2650000000,61
400,11337052,0.00454,89342,"Jordan","JOR","JO",400,"Asia","Western Asia, The Middle East",88794,127.6781,330.6864,83,2600000000,62
604,34352719,0.0089,1285216,"Peru","PER","PE",604,"South America","South America, Latin America",1280000,26.8381,69.5106,45,2560000000,63
144,21893579,0.00281,65610,"Sri Lanka","LKA","LK",144,"Asia","Southern Asia, South Central Asia",61860,353.9214,916.6565,61,2500000000,64
218,18190484,0.01053,276841,"Ecuador","ECU","EC",218,"South America","South America, Latin America",248360,73.2424,189.6978,68,2500000000,65
422,5353930,-0.02474,10452,"Lebanon","LBN","LB",422,"Asia","Western Asia, The Middle East",10230,523.3558,1355.4916,122,2500000000,66
729,48109006,0.02634,1886068,"Sudan","SDN","SD",729,"Africa","Northern Africa",1868000,25.7543,66.7036,31,2470000000,67
566,223804632,0.02408,923768,"Nigeria","NGA","NG",566,"Africa","Western Africa, Sub-Saharan Africa",910770,245.7312,636.4439,6,2155000000,68
703,5795199,0.02689,49037,"Slovakia","SVK","SK",703,"Europe","Eastern Europe",49035,118.1849,306.099,116,2122000000,69
348,10156239,0.01896,93028,"Hungary","HUN","HU",348,"Europe","Eastern Europe",91260,111.2891,288.2386,94,2080000000,70
760,23227014,0.0498,185180,"Syria","SYR","SY",760,"Asia","Western Asia, The Middle East",183630,126.4881,327.6042,60,1800000000,71
368,45504560,0.02266,438317,"Iraq","IRQ","IQ",368,"Asia","Western Asia, The Middle East",434128,104.8183,271.4794,35,1730000000,72
408,26160821,0.00351,120538,"North Korea","PRK","KP",408,"Asia","Eastern Asia",120410,217.2645,562.7151,56,1600000000,73
762,10143543,0.01917,143100,"Tajikistan","TJK","TJ",762,"Asia","Central Asia, South Central Asia",138790,73.0855,189.2916,95,1600000000,74
48,1485509,0.00902,765,"Bahrain","BHR","BH",48,"Asia","Western Asia, The Middle East",785,1892.3682,4901.2335,154,1415000000,75
887,34449825,0.02235,527968,"Yemen","YEM","YE",887,"Asia","Western Asia, The Middle East",527970,65.2496,168.9964,44,1400000000,76
51,2777970,-0.0009,29743,"Armenia","ARM","AM",51,"Asia","Western Asia",28470,97.5753,252.7201,140,1385000000,77
440,2718352,-0.01153,65300,"Lithuania","LTU","LT",440,"Europe","Northern Europe",62620,43.4103,112.4326,142,1107000000,78
100,6687717,-0.0139,110879,"Bulgaria","BGR","BG",100,"Europe","Eastern Europe",108560,61.6039,159.554,110,1079000000,79
860,35163944,0.01549,447400,"Uzbekistan","UZB","UZ",860,"Asia","Central Asia, South Central Asia",440650,79.8002,206.6824,43,975000000,80
800,48582334,0.02821,241550,"Uganda","UGA","UG",800,"Africa","Eastern Africa, Sub-Saharan Africa",200520,242.2817,627.5097,30,935000000,81
688,7149077,-0.01001,88361,"Serbia","SRB","RS",688,"Europe","Southern Europe",87460,81.7411,211.7095,105,907000000,82
372,5056935,0.00673,70273,"Ireland","IRL","IE",372,"Europe","Northern Europe",68890,73.4059,190.1214,125,870000000,83
191,4008617,-0.00539,56594,"Croatia","HRV","HR",191,"Europe","Southern Europe",55960,71.6336,185.5311,130,800000000,84
214,11332972,0.00928,48671,"Dominican Republic","DOM","DO",214,"North America","Caribbean",48310,234.5885,607.5843,84,760000000,85
862,28838499,0.01897,916445,"Venezuela","VEN","VE",862,"South America","South America, Latin America",882050,32.6949,84.6797,52,745000000,86
428,1830211,-0.01105,64559,"Latvia","LVA","LV",428,"Europe","Northern Europe",62230,29.4104,76.173,151,724000000,87
178,6106869,0.02285,342000,"Republic of the Congo","COG","CG",178,"Africa","Middle Africa, Sub-Saharan Africa",341500,17.8825,46.3156,113,715000000,88
288,34121985,0.0193,238533,"Ghana","GHA","GH",288,"Africa","Western Africa, Sub-Saharan Africa",227533,149.965,388.4093,47,710000000,89
233,1322765,-0.00249,45227,"Estonia","EST","EE",233,"Europe","Northern Europe",42750,30.9419,80.1394,156,685000000,90
68,12388571,0.01345,1098581,"Bolivia","BOL","BO",68,"South America","South America, Latin America",1083300,11.436,29.6191,80,660000000,91
116,16944826,0.01056,181035,"Cambodia","KHM","KH",116,"Asia","South-Eastern Asia",176520,95.9938,248.6239,73,604000000,92
705,2119675,-0.00008,20273,"Slovenia","SVN","SI",705,"Europe","Southern Europe",20136.4,105.2658,272.6385,149,581000000,93
384,28873034,0.0253,322463,"Ivory Coast","CIV","CI",384,"Africa","Western Africa, Sub-Saharan Africa",318000,90.7957,235.1609,51,550000000,94
788,12458223,0.00826,163610,"Tunisia","TUN","TN",788,"Africa","Northern Africa",155360,80.1894,207.6905,79,550000000,95
516,2604172,0.01448,825615,"Namibia","NAM","NA",516,"Africa","Southern Africa, Sub-Saharan Africa",823290,3.1631,8.1925,145,505000000,96
192,11194449,-0.00158,109884,"Cuba","CUB","CU",192,"North America","Caribbean",103800,107.8463,279.322,85,500000000,97
591,4468087,0.0135,75417,"Panama","PAN","PA",591,"North America","Central America, Latin America",74180,60.233,156.0036,128,500000000,98
72,2675352,0.01713,582000,"Botswana","BWA","BW",72,"Africa","Southern Africa, Sub-Saharan Africa",566730,4.7207,12.2266,144,450000000,99
231,126527060,0.02551,1104300,"Ethiopia","ETH","ET",231,"Africa","Eastern Africa, Sub-Saharan Africa",1128571.3,112.1126,290.3716,11,350000000,100
120,28647293,0.02625,475442,"Cameroon","CMR","CM",120,"Africa","Middle Africa, Sub-Saharan Africa",472710,60.6023,156.9598,53,347000000,101
268,3728282,-0.0043,69700,"Georgia","GEO","GE",268,"Asia","Western Asia",69490,53.6521,138.9588,132,327000000,102
600,6861524,0.01191,406752,"Paraguay","PRY","PY",600,"South America","South America, Latin America",397300,17.2704,44.7303,108,250000000,103
8,2832439,-0.00348,28748,"Albania","ALB","AL",8,"Europe","Southern Europe",27400,103.3737,267.7378,138,250000000,104
508,33897354,0.02814,801590,"Mozambique","MOZ","MZ",508,"Africa","Eastern Africa, Sub-Saharan Africa",786380,43.1056,111.6434,48,245000000,105
320,18092026,0.01391,108889,"Guatemala","GTM","GT",320,"North America","Central America, Latin America",107160,168.8319,437.2746,70,240000000,106
834,67438106,0.02963,945087,"Tanzania","TZA","TZ",834,"Africa","Eastern Africa, Sub-Saharan Africa",885800,76.1324,197.183,22,223000000,107
524,30896590,0.01143,147181,"Nepal","NPL","NP",524,"Asia","Southern Asia, South Central Asia",143350,215.5325,558.2293,49,213000000,108
340,10593798,0.01543,112492,"Honduras","HND","HN",340,"North America","Central America, Latin America",111890,94.6805,245.2224,88,205000000,109
148,18278568,0.03133,1284000,"Chad","TCD","TD",148,"Africa","Middle Africa, Sub-Saharan Africa",1259200,14.516,37.5965,67,200000000,110
795,6516100,0.01327,488100,"Turkmenistan","TKM","TM",795,"Asia","Central Asia, South Central Asia",469930,13.8661,35.9132,111,200000000,111
222,6364943,0.00451,21041,"El Salvador","SLV","SV",222,"North America","Central America, Latin America",20720,307.1884,795.6179,112,167000000,112
70,3210847,-0.00701,51209,"Bosnia and Herzegovina","BIH","BA",70,"Europe","Southern Europe",51200,62.7119,162.4237,137,165000000,113
496,3447157,0.01436,1564110,"Mongolia","MNG","MN",496,"Asia","Eastern Asia",1557506.8,2.2133,5.7323,133,155000000,114
558,7046310,0.01409,130373,"Nicaragua","NIC","NI",558,"North America","Central America, Latin America",120340,58.5533,151.6532,106,140000000,115
854,23251485,0.02548,272967,"Burkina Faso","BFA","BF",854,"Africa","Western Africa, Sub-Saharan Africa",273600,84.9835,220.1073,59,130000000,116
404,55100586,0.01986,580367,"Kenya","KEN","KE",404,"Africa","Eastern Africa, Sub-Saharan Africa",569140,96.8138,250.7477,26,121000000,117
450,30325732,0.02411,587041,"Madagascar","MDG","MG",450,"Africa","Eastern Africa, Sub-Saharan Africa",581800,52.124,135.0011,50,115000000,118
807,2085679,-0.00378,25713,"North Macedonia","MKD","MK",807,"Europe","Southern Europe",25220,82.6994,214.1915,150,108150000,119
180,102262808,0.03285,2344858,"DR Congo","COD","CD",180,"Africa","Middle Africa, Sub-Saharan Africa",2267050,45.1083,116.8305,15,100000000,120
716,16665409,0.02113,390757,"Zimbabwe","ZWE","ZW",716,"Africa","Eastern Africa, Sub-Saharan Africa",386850,43.0798,111.5766,74,100000000,121
266,2436566,0.01991,267668,"Gabon","GAB","GA",266,"Africa","Middle Africa, Sub-Saharan Africa",257670,9.4561,24.4914,146,83000000,122
728,11088796,0.01609,619745,"South Sudan","SSD","SS",728,"Africa","Middle Africa, Sub-Saharan Africa",631930,17.5475,45.448,86,80000000,123
694,8791092,0.02154,71740,"Sierra Leone","SLE","SL",694,"Africa","Western Africa, Sub-Saharan Africa",72180,121.794,315.4465,102,75500000,124
466,23293698,0.03099,1240192,"Mali","MLI","ML",466,"Africa","Western Africa, Sub-Saharan Africa",1220190,19.0902,49.4437,58,70000000,125
499,626485,-0.00095,13812,"Montenegro","MNE","ME",499,"Europe","Southern Europe",13450,46.5788,120.6391,169,65000000,126
740,623236,0.00841,163820,"Suriname","SUR","SR",740,"South America","South America, Latin America",156000,3.9951,10.3473,170,63000000,127
706,18143378,0.03102,637657,"Somalia","SOM","SO",706,"Africa","Eastern Africa, Sub-Saharan Africa",627340,28.9211,74.9057,69,62200000,128
478,4862989,0.02678,1030700,"Mauritania","MRT","MR",478,"Africa","Western Africa, Sub-Saharan Africa",1030700,4.7181,12.22,126,50250000,129
894,20569737,0.02758,752612,"Zambia","ZMB","ZM",894,"Africa","Eastern Africa, Sub-Saharan Africa",743390,27.6702,71.6658,63,40000000,130
498,3435931,0.04978,33846,"Moldova","MDA","MD",498,"Europe","Eastern Europe",32884.6,104.4845,270.6149,134,30000000,131
64,787424,0.00635,38394,"Bhutan","BTN","BT",64,"Asia","Southern Asia, South Central Asia",38140,20.6456,53.4722,165,25120000,132
417,6735347,0.01579,199951,"Kyrgyzstan","KGZ","KG",417,"Asia","Central Asia, South Central Asia",191800,35.1165,90.9518,109,20000000,133
140,5742315,0.02925,622984,"Central African Republic","CAF","CF",140,"Africa","Middle Africa, Sub-Saharan Africa",622980,9.2175,23.8733,117,20000000,134
418,7633779,0.01385,236800,"Laos","LAO","LA",418,"Asia","South-Eastern Asia",230800,33.0753,85.665,103,18500000,135
430,5418377,0.02182,111369,"Liberia","LBR","LR",430,"Africa","Western Africa, Sub-Saharan Africa",96320,56.2539,145.6976,120,13000000,136
112,9498238,-0.00385,207600,"Belarus","BLR","BY",112,"Europe","Eastern Europe",202980,46.794,121.1964,97,623.7,137